scenario,n,rep,version,ms,heap_kb,delta_kb
overlap_snap,8000,0,old,0.268,0,0
overlap_snap,8000,0,main,1.071,0,0
overlap_snap,8000,0,fixed,0.594,0,0
overlap_snap,8000,1,old,0.247,0,0
overlap_snap,8000,1,main,1.095,0,0
overlap_snap,8000,1,fixed,0.584,0,0
overlap_snap,8000,2,old,0.266,0,0
overlap_snap,8000,2,main,1.058,0,0
overlap_snap,8000,2,fixed,0.595,0,0
overlap_snap,32000,0,old,1.056,0,0
overlap_snap,32000,0,main,4.379,0,0
overlap_snap,32000,0,fixed,2.36,0,0
overlap_snap,32000,1,old,1.049,0,0
overlap_snap,32000,1,main,4.438,0,0
overlap_snap,32000,1,fixed,2.308,0,0
overlap_snap,32000,2,old,1.066,0,0
overlap_snap,32000,2,main,4.461,0,0
overlap_snap,32000,2,fixed,2.422,0,0
overlap_snap,64000,0,old,2.209,0,0
overlap_snap,64000,0,main,9.024,0,0
overlap_snap,64000,0,fixed,4.867,0,0
overlap_snap,64000,1,old,2.125,0,0
overlap_snap,64000,1,main,9.219,0,0
overlap_snap,64000,1,fixed,4.75,0,0
overlap_snap,64000,2,old,2.17,0,0
overlap_snap,64000,2,main,9.08,0,0
overlap_snap,64000,2,fixed,4.828,0,0
overlap_partial,8000,0,old,0.249,0,0
overlap_partial,8000,0,main,0.678,0,0
overlap_partial,8000,0,fixed,0.445,0,0
overlap_partial,8000,1,old,0.247,0,0
overlap_partial,8000,1,main,0.673,0,0
overlap_partial,8000,1,fixed,0.444,0,0
overlap_partial,8000,2,old,0.247,0,0
overlap_partial,8000,2,main,0.672,0,0
overlap_partial,8000,2,fixed,0.45,0,0
overlap_partial,32000,0,old,1.028,0,0
overlap_partial,32000,0,main,2.735,0,0
overlap_partial,32000,0,fixed,1.735,0,0
overlap_partial,32000,1,old,1.043,0,0
overlap_partial,32000,1,main,2.694,0,0
overlap_partial,32000,1,fixed,1.666,0,0
overlap_partial,32000,2,old,1.13,0,0
overlap_partial,32000,2,main,2.725,0,0
overlap_partial,32000,2,fixed,1.667,0,0
overlap_partial,64000,0,old,2.082,0,0
overlap_partial,64000,0,main,5.479,0,0
overlap_partial,64000,0,fixed,3.372,0,0
overlap_partial,64000,1,old,2.197,0,0
overlap_partial,64000,1,main,5.506,0,0
overlap_partial,64000,1,fixed,3.339,0,0
overlap_partial,64000,2,old,2.181,0,0
overlap_partial,64000,2,main,5.421,0,0
overlap_partial,64000,2,fixed,3.512,0,0
snap_plus,8000,0,old,0.793,0,354
snap_plus,8000,0,main,1.731,0,1508
snap_plus,8000,0,fixed,0.364,0,334
snap_plus,8000,1,old,0.801,0,353
snap_plus,8000,1,main,1.745,0,1507
snap_plus,8000,1,fixed,0.356,0,334
snap_plus,8000,2,old,0.807,0,353
snap_plus,8000,2,main,1.746,0,1508
snap_plus,8000,2,fixed,0.361,0,334
snap_plus,32000,0,old,3.274,0,1604
snap_plus,32000,0,main,7.571,0,6673
snap_plus,32000,0,fixed,1.137,0,1571
snap_plus,32000,1,old,3.274,0,1605
snap_plus,32000,1,main,7.692,0,6673
snap_plus,32000,1,fixed,1.171,0,1571
snap_plus,32000,2,old,3.296,0,1604
snap_plus,32000,2,main,7.555,0,6673
snap_plus,32000,2,fixed,1.12,0,1570
snap_plus,64000,0,old,6.568,0,3211
snap_plus,64000,0,main,15.173,0,13346
snap_plus,64000,0,fixed,2.283,0,3142
snap_plus,64000,1,old,6.454,0,3211
snap_plus,64000,1,main,15.927,0,13346
snap_plus,64000,1,fixed,2.213,0,3143
snap_plus,64000,2,old,6.492,0,3211
snap_plus,64000,2,main,15.34,0,13347
snap_plus,64000,2,fixed,2.236,0,3142
